{
  "train_losses": [
    0.40932854536296315,
    0.3172844154814075,
    0.2755777780289595,
    0.2535771337160141,
    0.22389250914054798,
    0.20026487221865985,
    0.19206409860466947,
    0.1827829555107679,
    0.16206226220106804,
    0.16582646225229164,
    0.15720621884041439,
    0.14155550888938712,
    0.13046469061360882,
    0.12920305076878885,
    0.11329975954628405,
    0.12727290887191806,
    0.1111371129363603,
    0.09339549506589168,
    0.09875440091497636,
    0.08655092634820524,
    0.08629188800736659,
    0.07644927415544588,
    0.08656321629623458,
    0.0703900907554723,
    0.07958230490370982,
    0.06611824446933807,
    0.061825409230124743,
    0.05990643245894785,
    0.056518606669296416,
    0.057112758580832125,
    0.05866024802530432,
    0.047708648929878465,
    0.04549091149961328,
    0.043022090127702396,
    0.37793339720006625
  ],
  "val_losses": [
    0.23428823335684443,
    0.1767395882194059,
    0.1512139817993892,
    0.12065540567212003,
    0.12282231247885839,
    0.12257103105596463,
    0.12996303407769455,
    0.08314485183769935,
    0.11070760635132167,
    0.14202700841920696,
    0.10082594670400699,
    0.08159131022464287,
    0.0682074682744506,
    0.07938867289033767,
    0.07478025424873187,
    0.07609226359406755,
    0.06761935685675494,
    0.05865333681063739,
    0.04992229275720954,
    0.08118958040952338,
    0.05885846638365796,
    0.10538198030053536,
    0.08478186517650581,
    0.05414183787311912,
    0.053557863984619154,
    0.07816802979273593,
    0.04157140910051731,
    0.048178099599675464,
    0.043336516015858105,
    0.07037929831691551,
    0.05590084481773554,
    0.055947673989928504,
    0.047678306266202765,
    0.05484547912527286,
    0.27192371211161737
  ],
  "val_accs": [
    0.9300168634064081,
    0.9359190556492412,
    0.9325463743676222,
    0.9519392917369308,
    0.9443507588532883,
    0.9510961214165261,
    0.9468802698145026,
    0.9645868465430016,
    0.9569983136593592,
    0.9468802698145026,
    0.9595278246205734,
    0.9662731871838112,
    0.9747048903878583,
    0.9654300168634065,
    0.96964586846543,
    0.9721753794266442,
    0.9738617200674536,
    0.978920741989882,
    0.9806070826306914,
    0.9797639123102867,
    0.9814502529510961,
    0.9721753794266442,
    0.9671163575042159,
    0.984822934232715,
    0.9822934232715008,
    0.978920741989882,
    0.9831365935919055,
    0.9814502529510961,
    0.9856661045531198,
    0.975548060708263,
    0.9772344013490725,
    0.9797639123102867,
    0.9822934232715008,
    0.978920741989882,
    0.8836424957841484
  ],
  "best_val_acc": 0.9856661045531198,
  "total_time_seconds": 3355.340379,
  "device": "cuda"
}